time,open,high,low,close,tick_volume,spread,real_volume
2025-01-28 11:00:00,2741.06,2745.24,2740.38,2743.43,4006,18,0
2025-01-28 12:00:00,2743.36,2745.22,2740.25,2743.09,3615,13,0
2025-01-28 13:00:00,2743.09,2744.61,2741.61,2742.78,3438,9,0
2025-01-28 14:00:00,2742.8,2745.63,2741.25,2745.6,3691,7,0
2025-01-28 15:00:00,2745.71,2749.54,2745.24,2748.71,4754,12,0
2025-01-28 16:00:00,2748.9,2756.26,2748.72,2752.87,5349,6,0
2025-01-28 17:00:00,2753.31,2757.23,2751.04,2755.44,5273,5,0
2025-01-28 18:00:00,2755.44,2759.61,2755.19,2758.7,5024,12,0
2025-01-28 19:00:00,2758.58,2759.99,2757.44,2759.69,4089,9,0
2025-01-28 20:00:00,2759.87,2763.52,2759.05,2762.16,4021,11,0
2025-01-28 21:00:00,2762.18,2765.05,2761.11,2764.92,3229,12,0
2025-01-28 22:00:00,2764.9,2765.11,2762.34,2764.09,3825,5,0
2025-01-28 23:00:00,2764.04,2764.04,2762.7,2763.17,1412,5,0
2025-01-29 01:00:00,2763.23,2764.26,2762.31,2762.74,1222,10,0
2025-01-29 02:00:00,2762.75,2764.88,2762.28,2763.92,1634,12,0
2025-01-29 03:00:00,2763.96,2766.2,2763.54,2763.79,2887,12,0
2025-01-29 04:00:00,2763.75,2765.68,2763.35,2764.19,2607,9,0
2025-01-29 05:00:00,2764.21,2764.51,2762.3,2762.8,2854,7,0
2025-01-29 06:00:00,2762.67,2764.31,2761.47,2762.47,2864,7,0
2025-01-29 07:00:00,2762.45,2763.09,2760.03,2760.74,2365,7,0
2025-01-29 08:00:00,2760.92,2762.08,2759.13,2759.17,3003,12,0
2025-01-29 09:00:00,2759.08,2760.57,2757.37,2759.21,3446,5,0
2025-01-29 10:00:00,2759.3,2766.01,2759.3,2763.94,3801,6,0
2025-01-29 11:00:00,2763.83,2764.24,2760.27,2762.84,3950,7,0
2025-01-29 12:00:00,2762.77,2763.37,2757.04,2758.18,4277,7,0
2025-01-29 13:00:00,2758.26,2759.77,2757.46,2758.99,3442,10,0
2025-01-29 14:00:00,2758.9,2759.0,2755.59,2756.59,4233,12,0
2025-01-29 15:00:00,2756.6,2759.54,2752.23,2758.74,5231,5,0
2025-01-29 16:00:00,2758.86,2761.07,2756.12,2759.37,5339,8,0
2025-01-29 17:00:00,2759.55,2759.75,2748.52,2754.2,5488,5,0
2025-01-29 18:00:00,2754.45,2756.25,2748.49,2751.54,4900,5,0
2025-01-29 19:00:00,2751.65,2754.37,2750.96,2752.94,3698,5,0
2025-01-29 20:00:00,2752.84,2753.89,2748.79,2751.14,4082,5,0
2025-01-29 21:00:00,2751.36,2757.98,2744.76,2755.24,5612,5,0
2025-01-29 22:00:00,2755.1,2759.04,2752.75,2755.01,4552,5,0
2025-01-29 23:00:00,2754.97,2759.77,2754.02,2759.68,1816,5,0
2025-01-30 01:00:00,2759.61,2760.7,2758.23,2760.29,1534,10,0
2025-01-30 02:00:00,2760.31,2762.55,2758.98,2762.11,2037,5,0
2025-01-30 03:00:00,2762.05,2762.05,2759.02,2760.13,3049,5,0
2025-01-30 04:00:00,2760.06,2761.91,2759.18,2760.33,3183,5,0
2025-01-30 05:00:00,2760.32,2762.41,2759.28,2761.76,2593,5,0
2025-01-30 06:00:00,2761.66,2763.45,2759.87,2760.49,2477,5,0
2025-01-30 07:00:00,2760.52,2761.17,2758.7,2760.58,2285,5,0
2025-01-30 08:00:00,2760.58,2766.38,2760.25,2765.61,2812,5,0
2025-01-30 09:00:00,2765.59,2769.58,2765.0,2769.14,3649,5,0
2025-01-30 10:00:00,2769.28,2776.71,2768.58,2776.21,4081,5,0
2025-01-30 11:00:00,2776.5,2776.62,2771.56,2774.36,4113,5,0
2025-01-30 12:00:00,2774.24,2779.26,2773.94,2778.32,3906,5,0
2025-01-30 13:00:00,2778.33,2779.44,2777.11,2777.68,3343,5,0
2025-01-30 14:00:00,2777.65,2781.15,2776.21,2780.08,3634,6,0
2025-01-30 15:00:00,2780.06,2786.01,2778.25,2785.66,5110,5,0
2025-01-30 16:00:00,2785.82,2789.13,2780.15,2787.62,6105,5,0
2025-01-30 17:00:00,2787.99,2796.69,2786.61,2795.41,5983,5,0
2025-01-30 18:00:00,2795.16,2798.32,2790.29,2790.58,5643,5,0
2025-01-30 19:00:00,2791.2,2795.9,2788.77,2795.61,5028,5,0
2025-01-30 20:00:00,2795.62,2797.1,2792.07,2795.23,4122,5,0
2025-01-30 21:00:00,2795.23,2795.36,2790.76,2793.4,3203,5,0
2025-01-30 22:00:00,2793.38,2798.22,2792.3,2795.68,4297,7,0
2025-01-30 23:00:00,2795.53,2798.49,2789.81,2794.06,1648,5,0
2025-01-31 01:00:00,2795.08,2797.15,2791.77,2796.38,2105,7,0
2025-01-31 02:00:00,2796.28,2799.65,2794.52,2795.74,2489,5,0
2025-01-31 03:00:00,2795.79,2796.63,2794.58,2796.26,3131,5,0
2025-01-31 04:00:00,2796.15,2798.3,2794.68,2796.17,3136,5,0
2025-01-31 05:00:00,2796.21,2798.21,2795.84,2796.38,3315,5,0
2025-01-31 06:00:00,2796.32,2796.49,2794.58,2795.92,2660,5,0
2025-01-31 07:00:00,2795.7,2796.46,2793.98,2795.49,3306,5,0
2025-01-31 08:00:00,2795.49,2796.3,2792.18,2792.94,2847,5,0
2025-01-31 09:00:00,2792.59,2801.15,2792.27,2798.15,3934,5,0
2025-01-31 10:00:00,2798.11,2799.3,2791.69,2793.33,4009,5,0
2025-01-31 11:00:00,2793.19,2796.38,2792.74,2793.66,3871,5,0
2025-01-31 12:00:00,2793.66,2795.22,2791.02,2794.27,3929,5,0
2025-01-31 13:00:00,2794.28,2800.74,2792.44,2800.19,4028,5,0
2025-01-31 14:00:00,2800.15,2807.73,2799.77,2805.74,4171,5,0
2025-01-31 15:00:00,2805.83,2808.65,2803.59,2806.41,5014,5,0
2025-01-31 16:00:00,2806.54,2812.52,2804.54,2812.38,5543,5,0
2025-01-31 17:00:00,2812.34,2817.23,2808.26,2809.2,5765,5,0
2025-01-31 18:00:00,2809.42,2810.34,2805.0,2807.27,4622,5,0
2025-01-31 19:00:00,2807.28,2816.08,2802.93,2808.76,5761,5,0
2025-01-31 20:00:00,2808.75,2808.91,2795.31,2798.91,5729,5,0
2025-01-31 21:00:00,2799.01,2802.86,2795.54,2796.3,4607,5,0
2025-01-31 22:00:00,2796.24,2802.1,2794.34,2800.88,5277,5,0
2025-01-31 23:00:00,2801.15,2802.7,2798.1,2798.47,1961,5,0
2025-02-03 01:00:00,2804.21,2805.79,2784.27,2793.06,4564,5,0
2025-02-03 02:00:00,2792.49,2796.96,2790.35,2792.31,3874,5,0
2025-02-03 03:00:00,2792.07,2792.21,2778.2,2782.27,5081,5,0
2025-02-03 04:00:00,2782.26,2782.77,2773.8,2778.1,5680,5,0
2025-02-03 05:00:00,2778.1,2778.26,2772.17,2774.41,4637,5,0
2025-02-03 06:00:00,2774.34,2783.1,2774.09,2780.85,4382,5,0
2025-02-03 07:00:00,2780.74,2785.14,2780.0,2783.1,4086,5,0
2025-02-03 08:00:00,2783.1,2788.15,2782.89,2786.94,4055,5,0
2025-02-03 09:00:00,2787.03,2790.02,2785.27,2789.37,4708,5,0
2025-02-03 10:00:00,2789.31,2800.21,2787.12,2796.71,5110,5,0
2025-02-03 11:00:00,2796.69,2800.8,2794.81,2796.31,4683,5,0
2025-02-03 12:00:00,2796.21,2800.15,2793.01,2798.07,4241,5,0
2025-02-03 13:00:00,2797.95,2804.31,2797.92,2801.24,4392,5,0
2025-02-03 14:00:00,2801.41,2810.92,2800.39,2810.48,4351,5,0
2025-02-03 15:00:00,2810.67,2811.9,2807.44,2811.01,4979,5,0
2025-02-03 16:00:00,2811.02,2830.4,2810.05,2829.51,5795,5,0
2025-02-03 17:00:00,2829.38,2830.09,2813.59,2817.48,6505,5,0
2025-02-03 18:00:00,2817.36,2825.28,2813.0,2814.21,5549,5,0
2025-02-03 19:00:00,2814.2,2822.22,2814.11,2817.37,5022,5,0
2025-02-03 20:00:00,2817.06,2821.64,2816.03,2821.03,4620,5,0
2025-02-03 21:00:00,2821.14,2822.9,2817.95,2818.32,4297,5,0
2025-02-03 22:00:00,2818.21,2819.59,2815.57,2816.58,4126,5,0
2025-02-03 23:00:00,2816.4,2817.48,2812.19,2814.75,2621,5,0
2025-02-04 01:00:00,2814.62,2815.26,2810.32,2814.01,1672,5,0
2025-02-04 02:00:00,2814.11,2817.57,2812.47,2817.2,1544,5,0
2025-02-04 03:00:00,2817.27,2824.24,2815.91,2823.35,3904,5,0
2025-02-04 04:00:00,2823.24,2824.72,2816.85,2821.14,4171,5,0
2025-02-04 05:00:00,2821.14,2824.41,2817.45,2821.56,3475,5,0
2025-02-04 06:00:00,2821.44,2821.53,2817.95,2819.34,3875,5,0
2025-02-04 07:00:00,2819.44,2819.44,2813.37,2815.79,4952,5,0
2025-02-04 08:00:00,2815.72,2816.16,2810.87,2813.63,4414,5,0
2025-02-04 09:00:00,2813.42,2814.31,2807.19,2812.72,4736,5,0
2025-02-04 10:00:00,2812.87,2819.28,2810.29,2815.16,5289,5,0
2025-02-04 11:00:00,2815.15,2821.81,2814.13,2820.09,4783,5,0
2025-02-04 12:00:00,2819.95,2819.98,2812.86,2814.98,4133,5,0
2025-02-04 13:00:00,2814.82,2816.96,2813.36,2815.45,4108,5,0
2025-02-04 14:00:00,2815.55,2823.04,2814.53,2821.81,4497,5,0
2025-02-04 15:00:00,2821.94,2837.13,2821.44,2831.69,5638,5,0
2025-02-04 16:00:00,2831.86,2841.38,2829.07,2839.62,6066,5,0
2025-02-04 17:00:00,2840.83,2845.49,2833.77,2835.86,6198,5,0
2025-02-04 18:00:00,2835.67,2842.42,2832.45,2840.46,5524,5,0
2025-02-04 19:00:00,2840.45,2844.68,2839.45,2843.98,4801,5,0
2025-02-04 20:00:00,2843.87,2845.0,2842.54,2842.65,4204,5,0
2025-02-04 21:00:00,2842.64,2844.23,2842.03,2843.02,3963,5,0
2025-02-04 22:00:00,2843.13,2844.94,2840.92,2844.13,3617,5,0
2025-02-04 23:00:00,2844.22,2844.59,2840.71,2842.01,1274,5,0
2025-02-05 01:00:00,2842.67,2842.74,2840.38,2841.22,1243,5,0
2025-02-05 02:00:00,2841.26,2848.28,2840.71,2845.33,2515,5,0
2025-02-05 03:00:00,2845.39,2849.01,2839.67,2844.46,5363,5,0
2025-02-05 04:00:00,2844.46,2853.8,2844.01,2850.7,3980,5,0
2025-02-05 05:00:00,2851.21,2854.3,2849.78,2852.43,3078,5,0
2025-02-05 06:00:00,2852.37,2858.04,2851.84,2855.19,2522,5,0
2025-02-05 07:00:00,2855.36,2860.62,2853.49,2859.33,2870,5,0
2025-02-05 08:00:00,2859.35,2861.87,2856.92,2859.1,3160,5,0
2025-02-05 09:00:00,2858.95,2864.25,2854.86,2864.21,4192,5,0
2025-02-05 10:00:00,2864.15,2869.72,2863.58,2867.5,4439,5,0
2025-02-05 11:00:00,2867.43,2872.17,2865.49,2870.34,3921,5,0
2025-02-05 12:00:00,2870.52,2877.17,2866.23,2867.84,4134,5,0
2025-02-05 13:00:00,2867.86,2870.49,2864.74,2868.33,4160,5,0
2025-02-05 14:00:00,2868.54,2870.87,2866.94,2870.35,3814,5,0
2025-02-05 15:00:00,2870.31,2870.71,2858.73,2861.63,5577,5,0
2025-02-05 16:00:00,2861.82,2872.61,2860.68,2870.48,5788,5,0
2025-02-05 17:00:00,2874.25,2882.49,2871.49,2880.22,6034,5,0
2025-02-05 18:00:00,2880.25,2881.29,2863.06,2874.87,5691,5,0
2025-02-05 19:00:00,2875.17,2876.74,2871.41,2872.95,4396,5,0
2025-02-05 20:00:00,2872.97,2873.59,2863.68,2865.62,4333,5,0
2025-02-05 21:00:00,2865.65,2869.0,2862.72,2863.57,4240,5,0
2025-02-05 22:00:00,2863.57,2866.16,2859.97,2862.69,4217,5,0
2025-02-05 23:00:00,2862.46,2867.18,2861.19,2867.02,1278,5,0
2025-02-06 01:00:00,2864.94,2870.97,2861.79,2869.23,1773,5,0
2025-02-06 02:00:00,2869.25,2869.99,2867.38,2869.79,1714,5,0
2025-02-06 03:00:00,2869.82,2872.03,2863.75,2871.39,4446,5,0
2025-02-06 04:00:00,2871.76,2873.28,2868.31,2870.71,3952,5,0
2025-02-06 05:00:00,2870.59,2870.8,2864.37,2869.42,3429,5,0
2025-02-06 06:00:00,2869.35,2872.25,2868.32,2868.5,2537,5,0
2025-02-06 07:00:00,2868.56,2869.98,2865.42,2868.36,3302,5,0
2025-02-06 08:00:00,2868.36,2871.39,2857.66,2859.06,4020,5,0
2025-02-06 09:00:00,2859.0,2861.73,2855.05,2855.88,4184,5,0
2025-02-06 10:00:00,2855.77,2858.56,2848.94,2856.07,4712,5,0
2025-02-06 11:00:00,2856.14,2859.97,2855.79,2859.43,4069,5,0
2025-02-06 12:00:00,2859.33,2861.79,2855.73,2859.17,3853,5,0
2025-02-06 13:00:00,2858.64,2867.33,2858.3,2866.07,4016,5,0
2025-02-06 14:00:00,2866.06,2870.3,2863.62,2864.42,4472,5,0
2025-02-06 15:00:00,2864.47,2864.96,2855.56,2856.69,5626,5,0
2025-02-06 16:00:00,2856.74,2859.8,2841.14,2841.91,5906,5,0
2025-02-06 17:00:00,2841.99,2853.28,2834.1,2850.56,6144,5,0
2025-02-06 18:00:00,2850.82,2854.71,2848.86,2848.86,5096,5,0
2025-02-06 19:00:00,2848.77,2852.61,2848.06,2852.2,4136,5,0
2025-02-06 20:00:00,2852.35,2853.6,2849.87,2852.57,4211,5,0
2025-02-06 21:00:00,2852.54,2854.17,2850.37,2853.81,3775,5,0
2025-02-06 22:00:00,2853.8,2857.27,2853.59,2856.42,4402,5,0
2025-02-06 23:00:00,2856.49,2857.21,2854.94,2855.55,1407,6,0
2025-02-07 01:00:00,2855.66,2858.93,2855.63,2858.05,1549,5,0
2025-02-07 02:00:00,2858.05,2860.49,2858.03,2858.42,1716,5,0
2025-02-07 03:00:00,2858.38,2868.24,2857.73,2866.27,4188,5,0
2025-02-07 04:00:00,2866.17,2869.3,2865.51,2868.78,3312,5,0
2025-02-07 05:00:00,2868.75,2870.63,2866.05,2867.12,3120,5,0
2025-02-07 06:00:00,2867.19,2869.52,2866.17,2866.4,2281,5,0
2025-02-07 07:00:00,2866.6,2867.03,2862.04,2862.05,3005,5,0
2025-02-07 08:00:00,2861.92,2866.11,2859.02,2860.65,4010,5,0
2025-02-07 09:00:00,2860.61,2865.75,2860.07,2864.24,3430,5,0
2025-02-07 10:00:00,2864.25,2866.69,2863.3,2866.29,3380,5,0
2025-02-07 11:00:00,2866.13,2870.65,2865.54,2868.97,3800,5,0
2025-02-07 12:00:00,2868.98,2869.25,2863.47,2867.55,3639,5,0
2025-02-07 13:00:00,2867.42,2868.22,2864.97,2867.63,3244,5,0
2025-02-07 14:00:00,2867.74,2867.97,2863.49,2863.61,3620,5,0
2025-02-07 15:00:00,2863.63,2870.69,2852.39,2862.41,5810,5,0
2025-02-07 16:00:00,2862.52,2878.34,2856.18,2876.04,6161,5,0
2025-02-07 17:00:00,2874.1,2886.68,2873.35,2880.37,5810,5,0
2025-02-07 18:00:00,2880.48,2881.43,2860.46,2860.76,5847,5,0
2025-02-07 19:00:00,2860.71,2862.66,2853.25,2860.23,5110,5,0
2025-02-07 20:00:00,2860.17,2865.2,2859.81,2861.34,3678,5,0
2025-02-07 21:00:00,2861.46,2863.38,2859.1,2859.73,3132,5,0
2025-02-07 22:00:00,2859.67,2863.8,2859.4,2860.58,4113,5,0
2025-02-07 23:00:00,2860.65,2863.38,2859.98,2861.3,1365,5,0
2025-02-10 01:00:00,2857.21,2870.47,2854.81,2867.64,3106,5,0
2025-02-10 02:00:00,2867.64,2869.2,2865.86,2868.02,2667,5,0
2025-02-10 03:00:00,2868.03,2876.54,2866.03,2871.89,4791,5,0
2025-02-10 04:00:00,2871.96,2875.0,2871.23,2873.8,3721,5,0
2025-02-10 05:00:00,2873.76,2875.69,2871.28,2875.51,2771,5,0
2025-02-10 06:00:00,2875.61,2879.66,2874.3,2879.12,2586,6,0
2025-02-10 07:00:00,2879.41,2880.11,2876.03,2879.27,3287,7,0
2025-02-10 08:00:00,2879.45,2892.12,2878.86,2888.23,4310,5,0
2025-02-10 09:00:00,2888.18,2896.51,2886.62,2895.45,4226,5,0
2025-02-10 10:00:00,2895.5,2898.79,2892.23,2896.68,4561,5,0
2025-02-10 11:00:00,2896.79,2903.28,2896.23,2903.0,4157,5,0
2025-02-10 12:00:00,2903.06,2906.26,2898.17,2902.44,4471,5,0
2025-02-10 13:00:00,2902.41,2905.69,2898.31,2904.61,3988,5,0
2025-02-10 14:00:00,2904.54,2907.0,2902.73,2902.88,4370,5,0
2025-02-10 15:00:00,2902.65,2910.83,2899.79,2901.04,5796,5,0
2025-02-10 16:00:00,2900.96,2909.25,2896.36,2908.71,5602,5,0
2025-02-10 17:00:00,2908.72,2911.77,2904.53,2908.97,5363,5,0
2025-02-10 18:00:00,2909.15,2910.35,2899.01,2900.99,4618,5,0
2025-02-10 19:00:00,2901.0,2904.55,2896.59,2903.25,4277,5,0
2025-02-10 20:00:00,2903.18,2907.01,2900.92,2905.07,4027,5,0
2025-02-10 21:00:00,2905.08,2906.68,2902.51,2904.37,3676,5,0
2025-02-10 22:00:00,2904.33,2907.75,2902.92,2907.49,4261,5,0
2025-02-10 23:00:00,2907.31,2908.3,2905.33,2907.88,1369,9,0
2025-02-11 01:00:00,2907.9,2921.67,2907.87,2917.83,2641,5,0
2025-02-11 02:00:00,2917.96,2924.97,2916.42,2922.61,2677,5,0
2025-02-11 03:00:00,2922.6,2935.94,2919.62,2933.95,5091,5,0
2025-02-11 04:00:00,2933.96,2942.58,2906.31,2918.76,5872,5,0
2025-02-11 05:00:00,2918.46,2925.71,2911.15,2919.61,4710,5,0
2025-02-11 06:00:00,2919.61,2920.7,2914.64,2916.29,3089,5,0
2025-02-11 07:00:00,2916.11,2923.66,2915.21,2922.9,3592,5,0
2025-02-11 08:00:00,2922.61,2929.26,2915.34,2917.89,4551,5,0
2025-02-11 09:00:00,2917.78,2918.32,2907.31,2913.44,4727,5,0
2025-02-11 10:00:00,2913.05,2915.38,2907.02,2907.45,4739,5,0
2025-02-11 11:00:00,2907.26,2912.2,2902.99,2903.3,4727,5,0
2025-02-11 12:00:00,2903.01,2907.11,2901.82,2902.46,4615,5,0
2025-02-11 13:00:00,2902.63,2906.69,2902.1,2903.98,4117,5,0
2025-02-11 14:00:00,2903.98,2904.4,2886.89,2889.32,5416,5,0
2025-02-11 15:00:00,2889.04,2898.04,2881.81,2896.36,6268,5,0
2025-02-11 16:00:00,2896.47,2904.28,2894.88,2896.64,6097,5,0
2025-02-11 17:00:00,2896.15,2906.52,2890.91,2904.74,5785,5,0
2025-02-11 18:00:00,2904.98,2908.61,2902.33,2902.39,5117,5,0
2025-02-11 19:00:00,2902.25,2907.26,2899.57,2905.6,4721,5,0
2025-02-11 20:00:00,2905.63,2907.11,2903.29,2905.94,4310,7,0
2025-02-11 21:00:00,2905.87,2906.48,2899.59,2899.99,4257,5,0
2025-02-11 22:00:00,2899.97,2900.4,2894.06,2897.56,4839,5,0
2025-02-11 23:00:00,2897.34,2899.75,2897.19,2897.53,1181,5,0
2025-02-12 01:00:00,2898.02,2900.82,2896.75,2898.53,1348,5,0
2025-02-12 02:00:00,2898.68,2898.73,2889.44,2892.25,2522,5,0
2025-02-12 03:00:00,2892.39,2897.81,2883.77,2893.35,4911,5,0
2025-02-12 04:00:00,2893.34,2897.75,2891.68,2892.38,4104,5,0
2025-02-12 05:00:00,2892.32,2893.11,2886.84,2889.03,3841,5,0
2025-02-12 06:00:00,2889.02,2890.51,2884.05,2885.17,3107,5,0
2025-02-12 07:00:00,2885.36,2887.99,2883.66,2886.14,3660,5,0
2025-02-12 08:00:00,2886.06,2894.75,2885.51,2892.31,3950,5,0
2025-02-12 09:00:00,2892.29,2895.86,2890.81,2892.8,3946,5,0
2025-02-12 10:00:00,2892.93,2894.16,2888.11,2891.64,4191,5,0
2025-02-12 11:00:00,2891.65,2893.43,2886.51,2886.78,4068,7,0
2025-02-12 12:00:00,2886.78,2889.9,2879.38,2882.69,3920,5,0
2025-02-12 13:00:00,2882.59,2885.92,2879.48,2879.58,3677,5,0
2025-02-12 14:00:00,2879.64,2885.84,2878.88,2885.03,4115,5,0
2025-02-12 15:00:00,2885.17,2885.64,2863.54,2884.75,6159,5,0
2025-02-12 16:00:00,2884.97,2898.0,2881.94,2894.37,6063,5,0
2025-02-12 17:00:00,2894.31,2895.85,2886.91,2894.53,5413,5,0
2025-02-12 18:00:00,2894.47,2904.42,2892.13,2902.6,5172,5,0
2025-02-12 19:00:00,2902.63,2909.15,2901.9,2902.91,4677,5,0
2025-02-12 20:00:00,2902.9,2903.74,2900.51,2901.03,4002,5,0
2025-02-12 21:00:00,2901.16,2901.85,2893.53,2897.97,3624,5,0
2025-02-12 22:00:00,2897.97,2901.48,2895.59,2901.0,3647,5,0
2025-02-12 23:00:00,2900.75,2904.33,2899.95,2903.97,2342,8,0
2025-02-13 01:00:00,2904.36,2906.42,2900.56,2905.78,1551,5,0
2025-02-13 02:00:00,2905.79,2909.09,2904.52,2906.43,2313,5,0
2025-02-13 03:00:00,2906.36,2907.34,2901.46,2906.06,4041,5,0
2025-02-13 04:00:00,2906.05,2909.11,2905.27,2908.75,3518,6,0
2025-02-13 05:00:00,2908.75,2918.07,2907.2,2916.48,3498,5,0
2025-02-13 06:00:00,2916.44,2919.15,2916.17,2918.41,2582,5,0
2025-02-13 07:00:00,2918.6,2922.71,2916.69,2917.98,3138,5,0
2025-02-13 08:00:00,2917.97,2918.92,2912.56,2915.74,4346,5,0
2025-02-13 09:00:00,2915.74,2920.38,2913.06,2914.41,3899,5,0
2025-02-13 10:00:00,2914.52,2918.1,2909.56,2911.63,4637,5,0
2025-02-13 11:00:00,2911.65,2918.26,2909.88,2915.37,3763,5,0
2025-02-13 12:00:00,2915.1,2919.46,2913.83,2917.99,2971,5,0
2025-02-13 13:00:00,2918.01,2918.28,2915.5,2917.89,3463,5,0
2025-02-13 14:00:00,2917.96,2921.32,2915.64,2917.67,4007,5,0
2025-02-13 15:00:00,2917.64,2917.88,2905.89,2908.54,5643,5,0
2025-02-13 16:00:00,2908.56,2917.32,2906.63,2915.17,5747,5,0
2025-02-13 17:00:00,2915.17,2920.95,2914.43,2920.23,5317,5,0
2025-02-13 18:00:00,2920.22,2920.81,2912.93,2913.72,4593,5,0
2025-02-13 19:00:00,2913.49,2919.25,2913.41,2919.06,4048,7,0
2025-02-13 20:00:00,2918.94,2925.38,2914.22,2924.13,4687,5,0
2025-02-13 21:00:00,2923.95,2927.37,2923.73,2926.88,3722,5,0
2025-02-13 22:00:00,2926.84,2928.96,2924.88,2928.45,3934,5,0
2025-02-13 23:00:00,2928.62,2929.5,2928.03,2928.34,1469,5,0
2025-02-14 01:00:00,2927.64,2932.37,2925.9,2931.21,1690,5,0
2025-02-14 02:00:00,2931.17,2931.53,2927.42,2927.9,2180,5,0
2025-02-14 03:00:00,2927.89,2933.9,2927.89,2929.89,4381,5,0
2025-02-14 04:00:00,2929.9,2930.47,2926.01,2927.26,4146,6,0
2025-02-14 05:00:00,2927.16,2930.39,2923.05,2924.22,3267,5,0
2025-02-14 06:00:00,2924.21,2929.35,2923.65,2928.64,2705,5,0
2025-02-14 07:00:00,2928.78,2932.43,2926.74,2930.95,3782,5,0
2025-02-14 08:00:00,2930.72,2936.84,2929.9,2934.37,4725,5,0
2025-02-14 09:00:00,2933.97,2935.17,2930.55,2931.87,4094,5,0
2025-02-14 10:00:00,2931.86,2938.46,2930.88,2935.12,4347,5,0
2025-02-14 11:00:00,2935.01,2938.75,2934.1,2935.16,4192,5,0
2025-02-14 12:00:00,2935.01,2940.06,2934.25,2935.83,4347,5,0
2025-02-14 13:00:00,2935.85,2937.67,2929.27,2931.16,3666,5,0
2025-02-14 14:00:00,2931.13,2933.05,2927.75,2930.78,4315,5,0
2025-02-14 15:00:00,2930.97,2933.32,2917.38,2920.53,5987,5,0
2025-02-14 16:00:00,2920.39,2928.52,2913.82,2921.02,6309,5,0
2025-02-14 17:00:00,2920.58,2921.64,2892.95,2901.89,6473,5,0
2025-02-14 18:00:00,2901.97,2903.85,2888.39,2895.79,5914,5,0
2025-02-14 19:00:00,2896.01,2897.32,2885.37,2886.99,5207,5,0
2025-02-14 20:00:00,2887.26,2887.94,2882.12,2883.71,4603,5,0
2025-02-14 21:00:00,2883.74,2885.83,2878.68,2880.56,3914,5,0
2025-02-14 22:00:00,2880.45,2886.26,2877.03,2885.48,4712,5,0
2025-02-14 23:00:00,2885.32,2885.85,2882.24,2882.5,1816,5,0
2025-02-17 01:00:00,2883.13,2893.89,2877.6,2879.36,3667,5,0
2025-02-17 02:00:00,2879.46,2888.29,2879.32,2883.57,2393,5,0
2025-02-17 03:00:00,2883.47,2896.37,2882.11,2895.27,4565,5,0
2025-02-17 04:00:00,2895.34,2899.78,2893.78,2899.28,3599,5,0
2025-02-17 05:00:00,2899.19,2904.32,2897.66,2903.26,3098,5,0
2025-02-17 06:00:00,2903.07,2904.87,2898.45,2899.12,2665,5,0
2025-02-17 07:00:00,2899.1,2905.24,2895.77,2895.95,3559,10,0
2025-02-17 08:00:00,2895.91,2897.59,2888.15,2896.42,3930,5,0
2025-02-17 09:00:00,2896.41,2903.6,2896.23,2902.58,3911,5,0
2025-02-17 10:00:00,2902.6,2902.69,2895.18,2900.16,4052,5,0
2025-02-17 11:00:00,2900.22,2906.4,2900.22,2902.62,3765,5,0
2025-02-17 12:00:00,2902.56,2903.0,2895.52,2902.89,3601,5,0
2025-02-17 13:00:00,2902.98,2903.92,2897.9,2900.91,3203,5,0
2025-02-17 14:00:00,2901.06,2901.71,2895.43,2897.55,3191,5,0
2025-02-17 15:00:00,2897.5,2899.08,2895.51,2896.74,4362,5,0
2025-02-17 16:00:00,2896.74,2903.94,2896.44,2902.95,4415,5,0
2025-02-17 17:00:00,2903.12,2904.07,2897.99,2899.23,4319,5,0
2025-02-17 18:00:00,2899.3,2901.2,2896.45,2899.17,2867,5,0
2025-02-17 19:00:00,2899.17,2899.67,2897.7,2898.46,2137,5,0
2025-02-17 20:00:00,2898.31,2899.12,2897.07,2898.38,1662,5,0
2025-02-17 21:00:00,2898.35,2899.47,2896.88,2899.45,741,5,0
2025-02-18 01:00:00,2898.61,2899.51,2896.83,2899.38,761,5,0
2025-02-18 02:00:00,2899.19,2900.39,2898.38,2899.37,1261,5,0
2025-02-18 03:00:00,2899.3,2899.99,2891.98,2895.67,3329,5,0
2025-02-18 04:00:00,2895.79,2905.0,2895.33,2903.03,3328,5,0
2025-02-18 05:00:00,2902.86,2910.82,2902.68,2908.88,3372,5,0
2025-02-18 06:00:00,2908.82,2911.0,2907.23,2910.65,1837,5,0
2025-02-18 07:00:00,2910.91,2915.54,2909.62,2910.65,3181,5,0
2025-02-18 08:00:00,2910.44,2914.3,2909.88,2913.67,2692,5,0
2025-02-18 09:00:00,2913.45,2915.44,2908.52,2911.54,2937,5,0
2025-02-18 10:00:00,2911.57,2913.27,2908.24,2912.38,3106,5,0
2025-02-18 11:00:00,2912.4,2913.45,2910.07,2912.64,2586,5,0
2025-02-18 12:00:00,2912.65,2913.43,2906.95,2911.24,3063,5,0
2025-02-18 13:00:00,2911.36,2914.96,2909.64,2914.19,2589,7,0
2025-02-18 14:00:00,2914.18,2918.82,2912.12,2918.14,3321,5,0
2025-02-18 15:00:00,2918.15,2921.35,2913.42,2918.87,4682,5,0
2025-02-18 16:00:00,2918.84,2928.73,2917.73,2927.95,4977,5,0
2025-02-18 17:00:00,2927.91,2929.57,2923.68,2927.13,5099,5,0
2025-02-18 18:00:00,2926.99,2933.75,2924.21,2932.79,4758,5,0
2025-02-18 19:00:00,2932.74,2933.66,2929.64,2931.16,3992,5,0
2025-02-18 20:00:00,2931.18,2933.77,2928.31,2933.31,3425,5,0
2025-02-18 21:00:00,2933.35,2937.05,2931.98,2935.92,3350,5,0
2025-02-18 22:00:00,2935.89,2936.81,2932.45,2933.53,3406,5,0
2025-02-18 23:00:00,2933.35,2936.46,2933.06,2935.08,1201,5,0
2025-02-19 01:00:00,2935.73,2935.73,2933.09,2934.06,859,5,0
2025-02-19 02:00:00,2934.06,2934.37,2928.51,2929.15,1434,5,0
2025-02-19 03:00:00,2928.72,2939.53,2927.61,2938.28,3871,5,0
2025-02-19 04:00:00,2938.25,2939.37,2924.16,2929.08,3962,6,0
2025-02-19 05:00:00,2929.19,2930.49,2924.74,2928.88,3489,13,0
2025-02-19 06:00:00,2928.81,2929.49,2926.48,2929.19,2541,5,0
2025-02-19 07:00:00,2929.09,2934.32,2928.08,2932.76,2904,11,0
2025-02-19 08:00:00,2932.6,2935.77,2930.62,2931.66,3200,8,0
2025-02-19 09:00:00,2931.2,2935.84,2930.18,2934.25,3176,6,0
2025-02-19 10:00:00,2934.23,2940.08,2933.84,2938.63,3862,5,0
2025-02-19 11:00:00,2938.6,2946.52,2938.15,2945.55,3500,5,0
2025-02-19 12:00:00,2945.55,2947.05,2942.69,2944.76,3342,5,0
2025-02-19 13:00:00,2944.76,2946.0,2934.18,2934.95,3698,5,0
2025-02-19 14:00:00,2933.85,2936.69,2931.06,2933.62,3953,5,0
2025-02-19 15:00:00,2933.55,2941.64,2932.54,2936.31,4954,5,0
2025-02-19 16:00:00,2936.33,2940.62,2930.28,2938.13,5729,5,0
2025-02-19 17:00:00,2937.98,2939.24,2925.41,2925.41,5277,5,0
2025-02-19 18:00:00,2925.58,2930.87,2923.01,2928.36,5212,5,0
2025-02-19 19:00:00,2928.07,2929.78,2921.55,2923.77,4296,5,0
2025-02-19 20:00:00,2923.77,2926.6,2918.61,2924.7,4741,5,0
2025-02-19 21:00:00,2924.75,2932.35,2923.23,2931.85,4110,5,0
2025-02-19 22:00:00,2931.81,2936.58,2931.26,2935.95,4449,5,0
2025-02-19 23:00:00,2935.82,2937.48,2932.29,2932.99,1722,8,0
2025-02-20 01:00:00,2933.46,2936.08,2933.33,2935.26,831,5,0
2025-02-20 02:00:00,2935.25,2941.22,2935.25,2940.84,2010,5,0
2025-02-20 03:00:00,2940.87,2942.45,2934.61,2937.13,4446,5,0
2025-02-20 04:00:00,2937.13,2941.53,2933.88,2940.78,4030,6,0
2025-02-20 05:00:00,2940.82,2944.05,2940.49,2941.91,2736,5,0
2025-02-20 06:00:00,2941.91,2942.56,2939.22,2939.91,1963,5,0
2025-02-20 07:00:00,2940.22,2946.84,2939.36,2946.81,2821,5,0
2025-02-20 08:00:00,2946.81,2948.89,2943.95,2947.75,3404,5,0
2025-02-20 09:00:00,2947.72,2954.18,2946.35,2948.95,3407,5,0
2025-02-20 10:00:00,2949.0,2954.83,2948.92,2954.62,3751,5,0
2025-02-20 11:00:00,2954.62,2954.91,2949.9,2951.61,3443,7,0
2025-02-20 12:00:00,2951.52,2954.82,2949.1,2952.36,3894,7,0
2025-02-20 13:00:00,2952.36,2952.9,2947.22,2948.76,3056,5,0
2025-02-20 14:00:00,2948.73,2950.8,2939.02,2945.41,4384,8,0
2025-02-20 15:00:00,2945.3,2947.52,2933.8,2934.01,5489,5,0
2025-02-20 16:00:00,2933.38,2939.91,2924.26,2935.15,6074,5,0
2025-02-20 17:00:00,2935.11,2939.55,2931.56,2938.54,5425,5,0
2025-02-20 18:00:00,2938.63,2945.67,2936.01,2943.1,4825,5,0
2025-02-20 19:00:00,2942.93,2946.99,2940.22,2940.57,4373,8,0
2025-02-20 20:00:00,2940.46,2942.48,2937.49,2941.73,4196,5,0
2025-02-20 21:00:00,2941.86,2941.86,2933.64,2937.9,3864,5,0
2025-02-20 22:00:00,2938.06,2938.8,2935.62,2937.79,3655,5,0
2025-02-20 23:00:00,2937.79,2940.37,2937.58,2939.06,1439,5,0
2025-02-21 01:00:00,2938.84,2943.3,2938.2,2941.32,1145,10,0
2025-02-21 02:00:00,2941.39,2942.73,2937.01,2939.99,1646,15,0
2025-02-21 03:00:00,2939.99,2949.59,2926.84,2928.69,4770,5,0
2025-02-21 04:00:00,2928.65,2941.0,2926.2,2939.02,4283,5,0
2025-02-21 05:00:00,2939.03,2939.73,2927.07,2931.19,3946,5,0
2025-02-21 06:00:00,2931.2,2932.23,2926.55,2928.38,2789,10,0
2025-02-21 07:00:00,2928.3,2933.9,2924.22,2930.21,3748,9,0
2025-02-21 08:00:00,2930.05,2931.45,2925.49,2929.77,3618,5,0
2025-02-21 09:00:00,2929.72,2933.03,2929.01,2930.09,2568,5,0
2025-02-21 10:00:00,2929.92,2931.3,2916.74,2923.29,4344,6,0
2025-02-21 11:00:00,2923.23,2929.63,2923.07,2929.25,3452,5,0
2025-02-21 12:00:00,2929.36,2931.02,2928.88,2930.5,2586,6,0
2025-02-21 13:00:00,2930.54,2936.06,2928.03,2928.37,3309,5,0
2025-02-21 14:00:00,2928.4,2935.22,2927.58,2930.11,3824,5,0
2025-02-21 15:00:00,2930.11,2934.55,2926.84,2930.94,4831,5,0
2025-02-21 16:00:00,2930.91,2938.97,2928.24,2933.68,5233,5,0
2025-02-21 17:00:00,2933.19,2935.68,2921.76,2928.8,5907,5,0
2025-02-21 18:00:00,2928.67,2938.4,2927.35,2936.78,4761,5,0
2025-02-21 19:00:00,2936.79,2941.63,2936.2,2939.78,4204,6,0
2025-02-21 20:00:00,2939.81,2942.72,2937.69,2941.89,4331,5,0
2025-02-21 21:00:00,2941.98,2942.56,2932.91,2933.46,3946,5,0
2025-02-21 22:00:00,2933.22,2937.22,2932.49,2934.8,4340,5,0
2025-02-21 23:00:00,2934.7,2938.04,2932.09,2935.89,1342,5,0
2025-02-24 01:00:00,2934.65,2940.6,2933.91,2937.0,2759,5,0
2025-02-24 02:00:00,2936.8,2938.04,2929.52,2930.13,2589,5,0
2025-02-24 03:00:00,2930.19,2931.43,2921.33,2928.07,4744,5,0
2025-02-24 04:00:00,2927.88,2940.91,2925.03,2940.87,3795,5,0
2025-02-24 05:00:00,2940.81,2944.64,2939.23,2941.0,3989,5,0
2025-02-24 06:00:00,2941.2,2943.05,2937.36,2940.61,3008,5,0
2025-02-24 07:00:00,2940.87,2941.86,2935.52,2936.36,3159,5,0
2025-02-24 08:00:00,2936.27,2942.05,2935.37,2938.57,2829,5,0
2025-02-24 09:00:00,2938.57,2944.84,2938.23,2943.84,3112,10,0
2025-02-24 10:00:00,2944.28,2948.74,2938.19,2946.37,4075,5,0
2025-02-24 11:00:00,2946.23,2948.24,2942.88,2944.16,3717,5,0
2025-02-24 12:00:00,2944.28,2944.65,2934.91,2938.4,3376,5,0
2025-02-24 13:00:00,2938.39,2948.23,2937.69,2947.74,3430,10,0
2025-02-24 14:00:00,2947.73,2951.12,2945.44,2946.46,3492,7,0
2025-02-24 15:00:00,2946.34,2954.52,2946.26,2954.4,4685,5,0
2025-02-24 16:00:00,2954.39,2956.18,2934.72,2938.87,5820,5,0
2025-02-24 17:00:00,2938.56,2940.49,2930.78,2936.52,5906,5,0
2025-02-24 18:00:00,2936.49,2943.63,2936.47,2943.37,4929,5,0
2025-02-24 19:00:00,2943.4,2944.71,2941.01,2943.42,4393,6,0
2025-02-24 20:00:00,2943.1,2947.99,2942.84,2947.41,3773,8,0
2025-02-24 21:00:00,2947.49,2949.89,2946.88,2949.25,3490,5,0
2025-02-24 22:00:00,2949.21,2951.51,2947.06,2950.61,3377,10,0
2025-02-24 23:00:00,2950.61,2953.06,2950.36,2952.62,1329,5,0
2025-02-25 01:00:00,2952.64,2953.79,2948.12,2949.92,2101,6,0
2025-02-25 02:00:00,2950.05,2952.61,2948.23,2949.69,1701,5,0
2025-02-25 03:00:00,2949.71,2952.51,2945.29,2949.52,4583,5,0
2025-02-25 04:00:00,2949.6,2952.47,2947.07,2948.6,3570,5,0
2025-02-25 05:00:00,2948.26,2949.51,2937.51,2939.61,4320,12,0
2025-02-25 06:00:00,2939.56,2939.9,2935.03,2936.82,2753,10,0
2025-02-25 07:00:00,2936.82,2940.96,2936.57,2938.09,3181,7,0
2025-02-25 08:00:00,2937.99,2938.44,2933.58,2935.78,3432,5,0
2025-02-25 09:00:00,2935.71,2940.35,2930.67,2931.71,4298,5,0
2025-02-25 10:00:00,2931.79,2942.43,2929.52,2941.62,4277,5,0
2025-02-25 11:00:00,2941.63,2942.42,2937.5,2938.97,3670,5,0
2025-02-25 12:00:00,2938.97,2941.5,2937.42,2937.56,3629,13,0
2025-02-25 13:00:00,2937.58,2940.46,2937.11,2938.64,3412,5,0
2025-02-25 14:00:00,2938.64,2941.35,2924.03,2928.53,5139,5,0
2025-02-25 15:00:00,2928.77,2937.98,2926.24,2937.42,5736,5,0
2025-02-25 16:00:00,2937.24,2944.84,2932.06,2932.74,5642,5,0
2025-02-25 17:00:00,2932.64,2934.89,2900.53,2905.7,6544,5,0
2025-02-25 18:00:00,2905.88,2906.82,2888.27,2896.35,6097,5,0
2025-02-25 19:00:00,2896.41,2908.82,2893.7,2907.51,5237,5,0
2025-02-25 20:00:00,2907.6,2912.24,2905.47,2909.58,4752,5,0
2025-02-25 21:00:00,2909.51,2913.97,2905.86,2912.15,3935,8,0
2025-02-25 22:00:00,2912.16,2913.4,2910.88,2912.78,4007,6,0
2025-02-25 23:00:00,2912.82,2917.37,2912.69,2914.82,2357,6,0
2025-02-26 01:00:00,2915.14,2919.0,2913.61,2918.69,1919,5,0
2025-02-26 02:00:00,2918.85,2925.97,2918.67,2923.52,2573,5,0
2025-02-26 03:00:00,2923.53,2930.08,2915.27,2917.68,4355,6,0
2025-02-26 04:00:00,2917.7,2923.14,2914.8,2921.07,3732,5,0
2025-02-26 05:00:00,2921.05,2921.72,2916.56,2917.28,2036,9,0
2025-02-26 06:00:00,2917.14,2918.77,2912.68,2915.02,1989,8,0
2025-02-26 07:00:00,2915.02,2921.02,2914.86,2915.41,2924,6,0
2025-02-26 08:00:00,2915.38,2916.23,2906.58,2906.62,3148,5,0
2025-02-26 09:00:00,2906.58,2917.42,2905.8,2915.35,3762,5,0
2025-02-26 10:00:00,2915.06,2918.41,2909.48,2918.0,3993,5,0
2025-02-26 11:00:00,2917.94,2918.9,2912.31,2913.26,3493,7,0
2025-02-26 12:00:00,2913.61,2916.86,2911.08,2912.71,3482,15,0
2025-02-26 13:00:00,2912.7,2915.38,2912.06,2913.76,2741,6,0
2025-02-26 14:00:00,2913.73,2915.42,2910.04,2913.86,3421,10,0
2025-02-26 15:00:00,2914.14,2915.08,2905.49,2905.85,4948,9,0
2025-02-26 16:00:00,2905.86,2906.19,2890.77,2901.09,6089,5,0
2025-02-26 17:00:00,2901.13,2914.26,2898.5,2913.61,5473,5,0
2025-02-26 18:00:00,2913.65,2916.62,2909.98,2913.11,4858,6,0
2025-02-26 19:00:00,2913.08,2916.31,2910.33,2913.74,4517,7,0
2025-02-26 20:00:00,2913.58,2916.26,2912.36,2914.92,3948,5,0
2025-02-26 21:00:00,2914.85,2916.34,2913.33,2913.88,2765,11,0
2025-02-26 22:00:00,2913.89,2916.74,2912.05,2916.3,3184,14,0
2025-02-26 23:00:00,2916.32,2918.77,2915.85,2916.11,1835,10,0
2025-02-27 01:00:00,2916.79,2920.76,2915.57,2919.14,1161,5,0
2025-02-27 02:00:00,2919.12,2919.14,2915.93,2917.1,1568,13,0
2025-02-27 03:00:00,2917.16,2918.27,2911.11,2912.66,4329,5,0
2025-02-27 04:00:00,2912.67,2914.8,2904.39,2906.75,3832,10,0
2025-02-27 05:00:00,2906.85,2909.01,2905.27,2905.7,3067,12,0
2025-02-27 06:00:00,2905.58,2906.53,2896.32,2897.37,3184,5,0
2025-02-27 07:00:00,2897.44,2898.45,2888.61,2890.99,4663,5,0
2025-02-27 08:00:00,2891.0,2898.45,2890.82,2894.18,4344,5,0
2025-02-27 09:00:00,2894.13,2896.7,2887.91,2891.85,4258,5,0
2025-02-27 10:00:00,2891.83,2892.2,2880.67,2881.3,4909,5,0
2025-02-27 11:00:00,2881.45,2893.4,2877.1,2887.34,4312,5,0
2025-02-27 12:00:00,2887.25,2894.88,2886.79,2892.21,3578,5,0
2025-02-27 13:00:00,2892.18,2894.86,2883.42,2883.9,3995,5,0
2025-02-27 14:00:00,2883.98,2888.73,2883.12,2885.0,4268,5,0
2025-02-27 15:00:00,2885.02,2892.16,2881.13,2888.97,5576,5,0
2025-02-27 16:00:00,2888.71,2892.31,2867.79,2872.19,6025,5,0
2025-02-27 17:00:00,2872.63,2882.46,2870.37,2872.26,5972,5,0
2025-02-27 18:00:00,2872.34,2878.17,2871.85,2877.37,5084,5,0
2025-02-27 19:00:00,2877.82,2883.78,2876.16,2883.23,4778,7,0
2025-02-27 20:00:00,2883.22,2887.43,2882.82,2887.42,3774,5,0
2025-02-27 21:00:00,2887.5,2887.73,2877.25,2879.17,4038,5,0
2025-02-27 22:00:00,2879.29,2879.3,2872.78,2873.97,4984,8,0
2025-02-27 23:00:00,2873.91,2877.88,2871.3,2877.12,1745,5,0
2025-02-28 01:00:00,2877.11,2878.43,2874.56,2876.06,1376,5,0
2025-02-28 02:00:00,2876.04,2880.28,2875.08,2877.05,2548,5,0
2025-02-28 03:00:00,2877.11,2885.05,2873.91,2874.82,5348,5,0
2025-02-28 04:00:00,2874.68,2877.88,2870.44,2873.36,5144,9,0
2025-02-28 05:00:00,2873.39,2876.26,2863.74,2865.75,4564,5,0
2025-02-28 06:00:00,2865.71,2866.06,2856.98,2863.54,4382,5,0
2025-02-28 07:00:00,2863.36,2867.0,2861.83,2864.01,4283,10,0
2025-02-28 08:00:00,2864.24,2866.66,2861.94,2863.58,4792,11,0
2025-02-28 09:00:00,2863.57,2865.16,2857.23,2858.68,4359,5,0
2025-02-28 10:00:00,2858.63,2860.33,2851.05,2855.93,4614,12,0
2025-02-28 11:00:00,2855.95,2864.24,2855.87,2862.4,4551,5,0
2025-02-28 12:00:00,2862.38,2864.92,2860.7,2862.78,3448,5,0
2025-02-28 13:00:00,2862.77,2863.67,2859.08,2862.19,3542,13,0
2025-02-28 14:00:00,2862.27,2864.93,2854.38,2856.17,4423,6,0
2025-02-28 15:00:00,2856.25,2862.32,2848.31,2848.58,5682,5,0
2025-02-28 16:00:00,2848.68,2851.61,2833.36,2833.79,6302,5,0
2025-02-28 17:00:00,2833.45,2850.67,2832.57,2850.16,6242,5,0
2025-02-28 18:00:00,2850.62,2853.94,2846.42,2848.66,5275,5,0
2025-02-28 19:00:00,2848.62,2851.46,2844.5,2845.09,4523,5,0
2025-02-28 20:00:00,2845.03,2847.71,2838.02,2845.3,5007,5,0
2025-02-28 21:00:00,2845.4,2850.95,2844.24,2849.68,4127,9,0
2025-02-28 22:00:00,2849.48,2854.99,2847.81,2854.83,4535,5,0
2025-02-28 23:00:00,2854.88,2859.28,2853.37,2859.06,1888,15,0
2025-03-03 01:00:00,2857.88,2876.88,2857.88,2870.81,3989,0,0
2025-03-03 02:00:00,2871.17,2871.17,2865.37,2865.82,3124,5,0
2025-03-03 03:00:00,2865.79,2871.92,2864.14,2870.85,4587,5,0
2025-03-03 04:00:00,2870.85,2871.95,2867.89,2868.27,4105,8,0
2025-03-03 05:00:00,2867.99,2868.05,2859.3,2864.82,4483,6,0
2025-03-03 06:00:00,2864.85,2868.43,2863.1,2867.41,2521,12,0
2025-03-03 07:00:00,2867.26,2867.31,2861.34,2863.83,3471,9,0
2025-03-03 08:00:00,2863.72,2866.05,2861.82,2865.59,4013,5,0
2025-03-03 09:00:00,2865.91,2866.24,2860.11,2863.33,3822,5,0
2025-03-03 10:00:00,2863.48,2868.77,2858.83,2868.56,4801,5,0
2025-03-03 11:00:00,2868.72,2871.43,2864.28,2867.45,4467,6,0
2025-03-03 12:00:00,2867.46,2873.57,2867.24,2871.93,3633,5,0
2025-03-03 13:00:00,2871.93,2875.43,2871.25,2874.36,2965,7,0
2025-03-03 14:00:00,2874.24,2877.65,2873.95,2875.63,3521,5,0
2025-03-03 15:00:00,2875.57,2876.25,2868.72,2872.63,4750,5,0
2025-03-03 16:00:00,2872.63,2882.97,2871.29,2876.68,4962,5,0
2025-03-03 17:00:00,2875.65,2890.45,2873.82,2887.85,5746,5,0
2025-03-03 18:00:00,2887.92,2893.09,2886.15,2891.42,4527,5,0
2025-03-03 19:00:00,2891.42,2892.92,2887.33,2890.82,4495,10,0
2025-03-03 20:00:00,2890.8,2892.42,2886.72,2889.96,4868,5,0
2025-03-03 21:00:00,2889.91,2891.31,2879.74,2881.59,4593,5,0
2025-03-03 22:00:00,2881.55,2891.49,2878.41,2890.45,5294,5,0
2025-03-03 23:00:00,2890.62,2895.29,2890.23,2892.99,2060,5,0
2025-03-04 01:00:00,2892.44,2893.4,2890.56,2890.96,1316,8,0
2025-03-04 02:00:00,2890.97,2893.82,2889.92,2891.8,2018,8,0
2025-03-04 03:00:00,2891.86,2893.03,2881.99,2888.34,4384,5,0
2025-03-04 04:00:00,2888.29,2889.45,2884.71,2885.5,3903,11,0
2025-03-04 05:00:00,2885.43,2892.92,2884.91,2888.67,3174,10,0
2025-03-04 06:00:00,2888.52,2892.8,2886.84,2891.34,2831,12,0
2025-03-04 07:00:00,2891.34,2894.45,2888.46,2889.7,3432,12,0
2025-03-04 08:00:00,2889.68,2889.96,2884.29,2887.26,3205,5,0
2025-03-04 09:00:00,2887.42,2901.13,2887.06,2899.98,3700,5,0
2025-03-04 10:00:00,2899.66,2918.79,2896.77,2913.96,5044,5,0
2025-03-04 11:00:00,2914.39,2921.35,2912.52,2918.09,3606,5,0
2025-03-04 12:00:00,2917.98,2918.19,2912.07,2914.7,3499,5,0
2025-03-04 13:00:00,2914.69,2921.68,2913.03,2920.08,3541,5,0
2025-03-04 14:00:00,2920.03,2925.42,2918.73,2924.8,3978,5,0
2025-03-04 15:00:00,2925.03,2927.76,2919.88,2922.59,5705,5,0
2025-03-04 16:00:00,2922.73,2923.12,2903.29,2903.46,6002,5,0
2025-03-04 17:00:00,2903.02,2912.16,2900.34,2906.03,6177,5,0
2025-03-04 18:00:00,2906.01,2915.87,2903.82,2915.19,5404,5,0
2025-03-04 19:00:00,2915.27,2916.38,2911.09,2911.63,4597,5,0
2025-03-04 20:00:00,2911.57,2915.16,2908.32,2911.19,4197,5,0
2025-03-04 21:00:00,2911.11,2916.51,2911.11,2916.1,3970,8,0
2025-03-04 22:00:00,2915.92,2920.52,2914.37,2917.17,4608,5,0
2025-03-04 23:00:00,2917.47,2918.43,2913.2,2917.7,2276,5,0
2025-03-05 01:00:00,2918.13,2918.27,2913.39,2914.33,1248,5,0
2025-03-05 02:00:00,2914.29,2916.88,2912.24,2914.05,2083,5,0
2025-03-05 03:00:00,2914.21,2915.03,2903.59,2907.15,4434,6,0
2025-03-05 04:00:00,2907.22,2914.51,2902.16,2904.31,4405,7,0
2025-03-05 05:00:00,2904.36,2913.4,2903.37,2908.72,3557,5,0
2025-03-05 06:00:00,2908.69,2912.63,2908.56,2910.5,2324,6,0
2025-03-05 07:00:00,2910.47,2918.74,2910.02,2918.74,3157,7,0
2025-03-05 08:00:00,2918.66,2921.63,2913.58,2916.96,3713,10,0
2025-03-05 09:00:00,2917.04,2919.8,2913.08,2918.01,4632,12,0
2025-03-05 10:00:00,2917.7,2922.02,2916.75,2919.92,4913,6,0
2025-03-05 11:00:00,2919.95,2922.53,2913.25,2918.81,4424,5,0
2025-03-05 12:00:00,2918.76,2919.1,2909.07,2913.37,4382,10,0
2025-03-05 13:00:00,2913.25,2917.23,2911.97,2913.2,3961,10,0
2025-03-05 14:00:00,2913.33,2919.27,2912.27,2916.1,4568,5,0
2025-03-05 15:00:00,2915.95,2916.41,2894.3,2899.92,5738,5,0
2025-03-05 16:00:00,2899.64,2917.15,2897.67,2911.45,6138,5,0
2025-03-05 17:00:00,2908.76,2923.72,2908.14,2917.05,6342,5,0
2025-03-05 18:00:00,2917.0,2930.06,2915.2,2923.73,5641,6,0
2025-03-05 19:00:00,2923.78,2925.25,2913.78,2916.07,5073,5,0
2025-03-05 20:00:00,2916.05,2920.6,2911.23,2917.48,4895,6,0
2025-03-05 21:00:00,2917.55,2921.41,2916.33,2920.56,4175,9,0
2025-03-05 22:00:00,2920.58,2923.06,2919.68,2922.13,4260,6,0
2025-03-05 23:00:00,2922.02,2922.28,2917.79,2919.13,1265,8,0
2025-03-06 01:00:00,2919.67,2919.67,2916.7,2918.28,954,5,0
2025-03-06 02:00:00,2918.22,2920.29,2916.66,2916.81,1695,5,0
2025-03-06 03:00:00,2916.8,2925.63,2915.98,2924.62,4227,6,0
2025-03-06 04:00:00,2924.82,2926.52,2922.96,2925.61,3342,6,0
2025-03-06 05:00:00,2925.61,2925.61,2920.19,2921.26,2646,9,0
2025-03-06 06:00:00,2921.26,2921.59,2916.38,2917.36,2158,7,0
2025-03-06 07:00:00,2917.32,2920.68,2914.53,2919.77,2980,6,0
2025-03-06 08:00:00,2919.81,2923.06,2919.81,2920.63,3311,5,0
2025-03-06 09:00:00,2920.6,2922.57,2909.8,2910.18,4571,5,0
2025-03-06 10:00:00,2910.23,2911.37,2901.07,2904.78,5082,5,0
2025-03-06 11:00:00,2904.45,2905.24,2891.12,2894.17,5036,5,0
2025-03-06 12:00:00,2894.19,2905.2,2891.93,2899.23,4916,5,0
2025-03-06 13:00:00,2899.03,2907.62,2898.6,2905.79,4205,9,0
2025-03-06 14:00:00,2905.82,2907.14,2899.21,2903.12,4502,5,0
2025-03-06 15:00:00,2903.09,2909.43,2900.92,2904.48,5431,6,0
2025-03-06 16:00:00,2904.38,2916.56,2903.45,2915.03,5371,5,0
2025-03-06 17:00:00,2915.19,2922.67,2909.02,2914.47,6065,5,0
2025-03-06 18:00:00,2914.64,2918.44,2912.55,2917.19,4906,5,0
2025-03-06 19:00:00,2917.24,2921.38,2914.4,2915.34,4473,12,0
2025-03-06 20:00:00,2915.59,2920.59,2913.82,2916.26,4127,5,0
2025-03-06 21:00:00,2916.27,2917.73,2912.32,2914.03,4084,5,0
2025-03-06 22:00:00,2913.73,2916.56,2908.31,2908.58,4219,5,0
2025-03-06 23:00:00,2908.66,2911.47,2908.34,2910.74,1377,10,0
2025-03-07 01:00:00,2911.04,2913.57,2909.95,2910.25,1581,5,0
2025-03-07 02:00:00,2910.09,2910.25,2894.8,2904.79,2985,5,0
2025-03-07 03:00:00,2904.98,2910.22,2901.56,2906.71,4672,5,0
2025-03-07 04:00:00,2906.71,2909.22,2901.2,2908.17,4645,6,0
2025-03-07 05:00:00,2908.06,2908.93,2904.0,2905.33,3649,7,0
2025-03-07 06:00:00,2905.28,2908.32,2904.69,2906.61,2774,5,0
2025-03-07 07:00:00,2906.61,2912.58,2906.42,2909.53,4244,8,0
2025-03-07 08:00:00,2909.41,2914.83,2907.73,2913.48,3838,8,0
2025-03-07 09:00:00,2913.37,2917.24,2911.66,2917.13,3721,7,0
2025-03-07 10:00:00,2917.17,2922.97,2915.32,2922.44,4223,5,0
2025-03-07 11:00:00,2922.37,2923.02,2920.19,2921.59,4152,8,0
2025-03-07 12:00:00,2921.57,2921.81,2917.07,2918.0,4467,5,0
2025-03-07 13:00:00,2917.97,2922.14,2916.73,2918.75,4479,8,0
2025-03-07 14:00:00,2918.88,2922.81,2918.04,2918.73,4807,5,0
2025-03-07 15:00:00,2918.54,2926.37,2910.37,2913.87,6118,5,0
2025-03-07 16:00:00,2913.7,2928.87,2903.5,2926.68,5892,5,0
2025-03-07 17:00:00,2926.52,2930.33,2908.52,2915.78,6001,5,0
2025-03-07 18:00:00,2915.58,2919.47,2911.68,2913.97,5432,7,0
2025-03-07 19:00:00,2914.23,2916.1,2905.14,2908.22,5289,5,0
2025-03-07 20:00:00,2907.74,2908.78,2902.0,2906.63,5045,5,0
2025-03-07 21:00:00,2906.57,2909.48,2904.46,2905.18,4440,5,0
2025-03-07 22:00:00,2905.23,2911.18,2904.76,2909.65,4400,5,0
2025-03-07 23:00:00,2909.65,2912.41,2908.39,2911.94,1151,5,0
2025-03-10 00:00:00,2912.72,2915.14,2909.77,2912.01,2361,6,0
2025-03-10 01:00:00,2912.12,2916.93,2911.42,2916.28,1778,6,0
2025-03-10 02:00:00,2916.57,2918.01,2913.01,2913.79,2743,6,0
2025-03-10 03:00:00,2913.86,2918.22,2911.31,2912.16,3559,9,0
2025-03-10 04:00:00,2912.18,2914.52,2909.49,2911.56,3062,9,0
2025-03-10 05:00:00,2911.48,2913.63,2908.16,2911.02,2985,5,0
2025-03-10 06:00:00,2911.0,2912.63,2910.26,2910.99,2042,8,0
2025-03-10 07:00:00,2910.9,2911.95,2906.97,2909.89,2990,5,0
2025-03-10 08:00:00,2909.92,2914.54,2909.24,2914.39,3159,10,0
2025-03-10 09:00:00,2914.68,2915.37,2904.37,2908.36,3901,5,0
2025-03-10 10:00:00,2907.99,2910.64,2897.54,2897.8,4177,7,0
2025-03-10 11:00:00,2897.67,2915.32,2896.81,2911.23,3955,5,0
2025-03-10 12:00:00,2911.19,2911.26,2898.31,2902.87,3758,5,0
2025-03-10 13:00:00,2902.89,2904.65,2895.7,2903.97,3930,5,0
2025-03-10 14:00:00,2903.75,2907.56,2900.4,2906.56,4563,7,0
2025-03-10 15:00:00,2906.72,2908.64,2897.68,2903.77,4799,5,0
2025-03-10 16:00:00,2903.4,2909.09,2900.99,2908.07,5191,5,0
2025-03-10 17:00:00,2908.36,2910.52,2900.61,2904.52,4702,6,0
2025-03-10 18:00:00,2904.36,2906.79,2895.88,2895.9,4334,6,0
2025-03-10 19:00:00,2895.88,2896.08,2882.71,2886.07,4769,5,0
2025-03-10 20:00:00,2886.06,2889.47,2880.3,2885.54,4156,5,0
2025-03-10 21:00:00,2885.21,2890.93,2880.28,2885.22,4344,5,0
2025-03-10 22:00:00,2885.23,2889.43,2884.18,2889.24,1572,6,0
2025-03-11 00:00:00,2888.27,2890.17,2884.04,2884.75,1415,5,0
2025-03-11 01:00:00,2884.76,2885.82,2882.4,2884.55,1226,5,0
2025-03-11 02:00:00,2884.53,2888.65,2884.16,2887.31,2768,5,0
2025-03-11 03:00:00,2887.44,2890.97,2880.26,2890.65,3379,5,0
2025-03-11 04:00:00,2890.63,2900.49,2889.93,2899.02,3293,5,0
2025-03-11 05:00:00,2899.05,2899.34,2895.16,2896.97,2560,5,0
2025-03-11 06:00:00,2896.95,2898.62,2895.69,2897.74,1689,6,0
2025-03-11 07:00:00,2897.73,2899.08,2892.81,2895.69,2572,7,0
2025-03-11 08:00:00,2895.93,2902.8,2893.5,2902.26,2965,6,0
2025-03-11 09:00:00,2902.26,2903.49,2897.56,2900.99,3020,5,0
2025-03-11 10:00:00,2901.22,2910.28,2900.41,2909.96,3108,5,0
2025-03-11 11:00:00,2909.97,2912.35,2908.69,2911.75,3459,11,0
2025-03-11 12:00:00,2911.77,2914.43,2910.94,2911.94,3008,6,0
2025-03-11 13:00:00,2911.95,2915.3,2910.73,2913.68,3027,12,0
2025-03-11 14:00:00,2913.61,2915.91,2910.53,2913.08,3671,6,0
2025-03-11 15:00:00,2913.11,2922.03,2906.95,2917.53,4478,5,0
2025-03-11 16:00:00,2916.58,2920.92,2911.97,2914.05,4495,6,0
2025-03-11 17:00:00,2914.07,2919.82,2913.93,2916.88,4084,8,0
2025-03-11 18:00:00,2916.82,2918.13,2915.13,2916.98,3448,5,0
2025-03-11 19:00:00,2917.04,2920.45,2914.02,2917.8,3621,8,0
2025-03-11 20:00:00,2917.76,2919.57,2915.15,2918.27,3028,7,0
2025-03-11 21:00:00,2918.29,2921.34,2917.51,2918.34,3300,5,0
2025-03-11 22:00:00,2918.19,2918.92,2915.15,2915.5,1429,5,0
2025-03-12 00:00:00,2915.81,2918.13,2914.43,2917.62,1423,5,0
2025-03-12 01:00:00,2917.65,2919.58,2915.5,2915.53,935,7,0
2025-03-12 02:00:00,2915.57,2915.57,2912.16,2914.22,1952,9,0
2025-03-12 03:00:00,2914.15,2917.28,2910.88,2914.92,3542,9,0
2025-03-12 04:00:00,2914.75,2918.22,2914.0,2916.23,2966,13,0
2025-03-12 05:00:00,2916.24,2919.84,2914.89,2914.99,2404,11,0
2025-03-12 06:00:00,2915.07,2916.07,2912.57,2914.98,1983,10,0
2025-03-12 07:00:00,2915.01,2916.57,2912.05,2916.03,3045,14,0
2025-03-12 08:00:00,2916.11,2921.14,2911.35,2911.88,3292,5,0
2025-03-12 09:00:00,2911.88,2915.63,2909.02,2914.42,3768,8,0
2025-03-12 10:00:00,2914.37,2922.18,2914.06,2922.1,3974,5,0
2025-03-12 11:00:00,2922.33,2925.47,2913.72,2914.82,3816,6,0
2025-03-12 12:00:00,2914.48,2917.0,2912.78,2914.34,3272,7,0
2025-03-12 13:00:00,2914.26,2916.63,2912.65,2915.3,3293,10,0
2025-03-12 14:00:00,2915.17,2923.12,2912.2,2917.49,4237,5,0
2025-03-12 15:00:00,2917.17,2918.75,2905.97,2915.61,5042,5,0
2025-03-12 16:00:00,2915.61,2922.43,2914.27,2921.85,4707,6,0
2025-03-12 17:00:00,2921.9,2929.36,2921.42,2928.26,4582,5,0
2025-03-12 18:00:00,2928.35,2939.12,2927.92,2936.54,4613,5,0
2025-03-12 19:00:00,2936.21,2940.63,2935.85,2936.05,3951,5,0
2025-03-12 20:00:00,2935.99,2937.45,2933.77,2935.25,3534,5,0
2025-03-12 21:00:00,2935.16,2935.72,2930.96,2931.33,4009,6,0
2025-03-12 22:00:00,2931.19,2934.23,2930.7,2933.31,1398,5,0
2025-03-13 00:00:00,2934.46,2938.89,2933.51,2938.0,1356,5,0
2025-03-13 01:00:00,2938.06,2939.31,2934.66,2938.07,1576,8,0
2025-03-13 02:00:00,2938.02,2939.29,2937.58,2938.56,1401,10,0
2025-03-13 03:00:00,2938.66,2941.55,2936.47,2937.89,2946,5,0
2025-03-13 04:00:00,2937.89,2946.04,2937.54,2944.23,2744,9,0
2025-03-13 05:00:00,2944.28,2947.13,2943.03,2945.63,2333,5,0
2025-03-13 06:00:00,2945.47,2946.18,2943.47,2944.7,1939,8,0
2025-03-13 07:00:00,2944.72,2945.15,2938.24,2940.03,2929,5,0
2025-03-13 08:00:00,2940.03,2940.28,2935.36,2937.02,3151,9,0
2025-03-13 09:00:00,2937.0,2938.05,2932.99,2935.24,3116,7,0
2025-03-13 10:00:00,2935.2,2944.99,2934.81,2941.57,3370,11,0
2025-03-13 11:00:00,2941.39,2948.83,2941.02,2947.77,3137,11,0
2025-03-13 12:00:00,2947.79,2948.52,2942.15,2944.03,3281,6,0
2025-03-13 13:00:00,2944.03,2948.49,2944.03,2946.3,3372,12,0
2025-03-13 14:00:00,2946.31,2949.17,2941.04,2942.31,4259,7,0
2025-03-13 15:00:00,2942.1,2952.35,2939.27,2950.35,4712,5,0
2025-03-13 16:00:00,2950.32,2971.11,2949.73,2969.85,4838,6,0
2025-03-13 17:00:00,2970.15,2978.47,2966.46,2977.75,5077,5,0
2025-03-13 18:00:00,2977.9,2985.25,2976.74,2980.1,4758,5,0
2025-03-13 19:00:00,2980.2,2982.19,2976.38,2979.49,4244,5,0
2025-03-13 20:00:00,2979.26,2984.41,2979.12,2983.3,3445,6,0
2025-03-13 21:00:00,2983.27,2985.46,2980.58,2982.83,3572,5,0
2025-03-13 22:00:00,2982.93,2989.1,2981.17,2988.8,1796,5,0
2025-03-14 00:00:00,2989.38,2989.78,2983.03,2987.26,1681,5,0
2025-03-14 01:00:00,2987.26,2989.26,2985.39,2986.45,1568,6,0
2025-03-14 02:00:00,2986.06,2988.7,2984.88,2986.73,2366,5,0
2025-03-14 03:00:00,2986.8,2990.2,2981.69,2987.88,4424,8,0
2025-03-14 04:00:00,2987.92,2988.14,2983.95,2984.18,3384,9,0
2025-03-14 05:00:00,2984.19,2992.94,2983.96,2992.62,3035,13,0
2025-03-14 06:00:00,2992.78,2993.91,2984.37,2985.48,2770,11,0
2025-03-14 07:00:00,2985.43,2986.57,2981.91,2986.29,3368,5,0
2025-03-14 08:00:00,2986.29,2987.48,2981.22,2985.62,3634,6,0
2025-03-14 09:00:00,2985.16,2987.02,2980.84,2986.96,3613,5,0
2025-03-14 10:00:00,2986.72,2993.2,2985.18,2992.9,3490,5,0
2025-03-14 11:00:00,2992.89,2999.45,2992.69,2998.81,3745,7,0
2025-03-14 12:00:00,2998.81,3004.85,2986.59,2993.25,4100,5,0
2025-03-14 13:00:00,2993.25,2999.09,2993.25,2993.42,4002,11,0
2025-03-14 14:00:00,2993.88,2999.62,2993.37,2993.76,4321,9,0
2025-03-14 15:00:00,2993.78,2996.03,2983.39,2985.35,5038,6,0
2025-03-14 16:00:00,2985.97,2993.39,2982.04,2985.28,5001,5,0
2025-03-14 17:00:00,2985.37,2986.3,2978.45,2984.6,4297,5,0
2025-03-14 18:00:00,2984.46,2989.95,2982.99,2989.75,4033,5,0
2025-03-14 19:00:00,2989.67,2990.38,2986.36,2986.56,3708,5,0
2025-03-14 20:00:00,2986.68,2987.0,2983.27,2983.54,3332,8,0
2025-03-14 21:00:00,2983.5,2986.05,2982.28,2984.0,3216,5,0
2025-03-14 22:00:00,2984.0,2988.85,2981.67,2986.24,1367,5,0
2025-03-17 00:00:00,2983.84,2990.61,2983.84,2989.04,2176,6,0
2025-03-17 01:00:00,2989.11,2994.02,2988.29,2990.05,1290,10,0
2025-03-17 02:00:00,2990.06,2991.08,2986.41,2990.8,1714,9,0
2025-03-17 03:00:00,2990.79,2993.05,2988.67,2990.8,3209,5,0
2025-03-17 04:00:00,2990.73,2991.9,2987.05,2988.21,2474,14,0
2025-03-17 05:00:00,2988.2,2988.66,2985.29,2986.9,2174,14,0
2025-03-17 06:00:00,2986.93,2987.91,2982.37,2982.58,1863,5,0
2025-03-17 07:00:00,2982.82,2986.17,2982.22,2986.04,1944,12,0
2025-03-17 08:00:00,2986.09,2990.72,2985.38,2989.84,2379,8,0
2025-03-17 09:00:00,2989.55,2990.05,2984.04,2985.47,2609,8,0
2025-03-17 10:00:00,2985.32,2988.38,2983.04,2988.38,2628,9,0
2025-03-17 11:00:00,2988.39,2996.84,2987.57,2995.67,2924,7,0
2025-03-17 12:00:00,2995.66,2999.49,2994.79,2999.01,2577,5,0
2025-03-17 13:00:00,2999.01,3001.19,2996.61,2997.39,2703,5,0
2025-03-17 14:00:00,2997.44,2997.86,2984.8,2987.17,4183,5,0
2025-03-17 15:00:00,2987.18,2991.4,2986.04,2988.35,4400,5,0
2025-03-17 16:00:00,2988.21,3000.59,2987.16,2998.7,4501,8,0
2025-03-17 17:00:00,2998.62,2999.34,2992.92,2997.14,3655,6,0
2025-03-17 18:00:00,2997.15,2997.69,2992.95,2994.44,3580,5,0
2025-03-17 19:00:00,2994.55,2999.41,2994.55,2997.76,3011,5,0
2025-03-17 20:00:00,2997.76,3000.31,2996.83,2999.36,3245,12,0
2025-03-17 21:00:00,2999.34,3000.83,2997.7,3000.26,2778,5,0
2025-03-17 22:00:00,3000.21,3001.99,3000.11,3001.02,1186,10,0
2025-03-18 00:00:00,3000.79,3002.01,2999.94,3000.2,793,10,0
2025-03-18 01:00:00,3000.2,3002.73,2999.7,2999.7,956,12,0
2025-03-18 02:00:00,2999.89,3003.51,2999.65,3001.58,2161,11,0
2025-03-18 03:00:00,3001.57,3008.35,2999.56,3005.64,4025,5,0
2025-03-18 04:00:00,3005.64,3012.16,3002.87,3010.92,3087,9,0
2025-03-18 05:00:00,3010.86,3015.04,3009.7,3011.34,2973,5,0
2025-03-18 06:00:00,3011.33,3017.08,3011.23,3014.53,2200,14,0
2025-03-18 07:00:00,3014.45,3014.8,3006.12,3012.03,3155,5,0
2025-03-18 08:00:00,3012.06,3017.65,3010.7,3015.64,3415,6,0
2025-03-18 09:00:00,3015.55,3018.87,3014.44,3016.45,3151,5,0
2025-03-18 10:00:00,3016.41,3027.3,3016.38,3026.49,3837,5,0
2025-03-18 11:00:00,3026.92,3028.48,3018.11,3020.21,3801,6,0
2025-03-18 12:00:00,3019.92,3025.74,3019.48,3023.9,3774,6,0
2025-03-18 13:00:00,3023.92,3029.45,3022.41,3026.81,3378,6,0
2025-03-18 14:00:00,3026.77,3035.75,3026.77,3034.3,4333,5,0
2025-03-18 15:00:00,3034.36,3038.26,3026.28,3033.23,5252,5,0
2025-03-18 16:00:00,3032.72,3033.05,3024.85,3027.9,5385,5,0
2025-03-18 17:00:00,3027.93,3032.57,3025.24,3031.7,4767,6,0
2025-03-18 18:00:00,3031.66,3036.93,3030.47,3036.01,4292,5,0
2025-03-18 19:00:00,3036.08,3036.34,3029.76,3032.57,3837,9,0
2025-03-18 20:00:00,3032.63,3036.29,3032.45,3035.8,3327,10,0
2025-03-18 21:00:00,3035.56,3037.89,3035.16,3035.54,3278,9,0
2025-03-18 22:00:00,3035.58,3035.9,3033.38,3033.76,1209,5,0
2025-03-19 00:00:00,3033.98,3034.73,3032.64,3034.53,848,9,0
2025-03-19 01:00:00,3034.56,3035.17,3031.57,3031.82,1082,12,0
2025-03-19 02:00:00,3031.77,3033.99,3030.52,3031.42,1394,8,0
2025-03-19 03:00:00,3031.61,3032.69,3027.4,3029.41,2441,12,0
2025-03-19 04:00:00,3029.36,3033.77,3029.01,3033.38,2841,13,0
2025-03-19 05:00:00,3033.42,3038.89,3032.41,3036.35,2537,13,0
2025-03-19 06:00:00,3036.13,3037.58,3034.24,3036.43,2077,13,0
2025-03-19 07:00:00,3036.49,3045.32,3036.49,3044.5,3012,5,0
2025-03-19 08:00:00,3044.51,3044.74,3034.52,3042.02,3714,6,0
2025-03-19 09:00:00,3042.0,3042.9,3035.64,3035.86,3668,10,0
2025-03-19 10:00:00,3035.82,3037.01,3024.75,3025.14,3426,8,0
2025-03-19 11:00:00,3025.08,3031.4,3022.89,3030.35,2884,5,0
2025-03-19 12:00:00,3030.38,3037.86,3028.36,3034.54,2673,5,0
2025-03-19 13:00:00,3034.49,3040.01,3033.79,3038.82,2444,5,0
2025-03-19 14:00:00,3038.8,3041.15,3036.54,3037.15,3088,5,0
2025-03-19 15:00:00,3037.2,3038.25,3027.67,3033.26,4625,7,0
2025-03-19 16:00:00,3032.98,3032.98,3025.98,3027.59,4402,5,0
2025-03-19 17:00:00,3027.52,3032.83,3026.89,3031.48,3608,7,0
2025-03-19 18:00:00,3031.51,3038.27,3031.34,3033.04,3550,6,0
2025-03-19 19:00:00,3033.13,3034.09,3029.47,3030.56,3476,6,0
2025-03-19 20:00:00,3029.6,3048.35,3028.93,3046.75,4675,5,0
2025-03-19 21:00:00,3047.16,3051.84,3041.07,3047.95,4293,7,0
2025-03-19 22:00:00,3047.62,3048.12,3044.04,3047.16,1614,5,0
2025-03-20 00:00:00,3048.35,3050.53,3046.94,3050.2,1409,9,0
2025-03-20 01:00:00,3050.2,3051.33,3048.78,3050.1,1141,15,0
2025-03-20 02:00:00,3050.11,3055.41,3050.11,3053.27,2767,5,0
2025-03-20 03:00:00,3053.26,3056.03,3049.5,3049.68,4028,14,0
2025-03-20 04:00:00,3049.59,3052.14,3045.04,3045.66,3468,13,0
2025-03-20 05:00:00,3045.8,3050.43,3045.43,3050.05,2999,13,0
2025-03-20 06:00:00,3050.06,3057.26,3048.22,3052.52,2628,10,0
2025-03-20 07:00:00,3052.52,3053.56,3044.91,3046.71,3469,14,0
2025-03-20 08:00:00,3046.85,3051.48,3045.64,3049.04,3351,5,0
2025-03-20 09:00:00,3048.96,3048.96,3041.8,3042.28,3283,5,0
2025-03-20 10:00:00,3042.23,3044.01,3038.52,3041.78,3726,13,0
2025-03-20 11:00:00,3041.58,3046.25,3040.7,3041.49,3579,5,0
2025-03-20 12:00:00,3041.49,3041.49,3025.52,3034.18,4393,5,0
2025-03-20 13:00:00,3034.15,3035.08,3029.36,3034.42,3818,5,0
2025-03-20 14:00:00,3034.46,3042.32,3033.39,3040.89,4200,10,0
2025-03-20 15:00:00,3040.85,3041.07,3029.99,3032.52,4943,14,0
2025-03-20 16:00:00,3032.27,3040.84,3030.63,3040.21,4809,10,0
2025-03-20 17:00:00,3040.17,3041.86,3037.62,3040.74,4230,10,0
2025-03-20 18:00:00,3040.74,3042.98,3034.04,3038.32,4057,9,0
2025-03-20 19:00:00,3038.33,3041.88,3034.88,3041.73,3512,5,0
2025-03-20 20:00:00,3041.73,3045.37,3040.96,3043.28,3490,5,0
2025-03-20 21:00:00,3043.24,3046.05,3043.24,3044.56,3258,5,0
2025-03-20 22:00:00,3044.73,3045.75,3044.07,3044.47,1373,19,0
2025-03-21 00:00:00,3044.36,3045.97,3043.48,3045.75,620,9,0
2025-03-21 01:00:00,3045.7,3046.58,3044.37,3046.28,841,15,0
2025-03-21 02:00:00,3046.34,3047.39,3042.35,3042.83,1820,15,0
2025-03-21 03:00:00,3042.87,3044.6,3035.94,3035.94,3354,6,0
2025-03-21 04:00:00,3036.2,3036.99,3033.86,3034.7,2891,15,0
2025-03-21 05:00:00,3034.71,3034.71,3030.01,3030.53,2897,8,0
2025-03-21 06:00:00,3030.49,3032.0,3027.95,3029.81,2301,11,0
2025-03-21 07:00:00,3029.83,3030.41,3021.59,3028.01,2964,5,0
2025-03-21 08:00:00,3028.02,3033.97,3027.48,3029.82,3110,6,0
2025-03-21 09:00:00,3029.85,3033.39,3028.09,3031.9,3004,6,0
2025-03-21 10:00:00,3031.97,3034.72,3027.23,3033.05,3444,10,0
2025-03-21 11:00:00,3032.76,3033.12,3027.88,3029.67,3045,10,0
2025-03-21 12:00:00,3029.59,3033.35,3029.59,3030.83,2633,5,0
2025-03-21 13:00:00,3030.84,3037.57,3028.92,3034.24,3219,8,0
2025-03-21 14:00:00,3034.24,3038.08,3033.52,3034.04,3748,13,0
2025-03-21 15:00:00,3033.9,3036.79,3004.2,3006.66,4809,7,0
2025-03-21 16:00:00,3006.68,3016.74,2999.55,3015.77,5089,11,0
2025-03-21 17:00:00,3015.91,3017.89,3009.99,3011.02,4325,5,0
2025-03-21 18:00:00,3010.89,3016.78,3010.62,3015.13,3893,11,0
2025-03-21 19:00:00,3015.13,3018.23,3012.92,3013.68,3424,7,0
2025-03-21 20:00:00,3013.7,3021.59,3013.5,3017.47,2973,5,0
2025-03-21 21:00:00,3017.38,3021.93,3015.92,3020.02,3423,15,0
2025-03-21 22:00:00,3020.13,3024.2,3019.97,3022.94,1568,5,0
2025-03-24 00:00:00,3023.36,3026.05,3022.43,3025.54,1923,9,0
2025-03-24 01:00:00,3025.49,3026.15,3023.21,3024.69,1336,7,0
2025-03-24 02:00:00,3024.44,3025.47,3017.19,3018.57,2707,6,0
2025-03-24 03:00:00,3018.47,3025.66,3018.42,3020.84,3961,14,0
2025-03-24 04:00:00,3021.04,3024.47,3013.62,3016.31,3176,11,0
2025-03-24 05:00:00,3016.2,3019.81,3015.71,3016.99,2576,15,0
2025-03-24 06:00:00,3017.05,3020.11,3016.5,3019.49,1863,8,0
2025-03-24 07:00:00,3019.48,3023.17,3018.96,3022.12,2775,11,0
2025-03-24 08:00:00,3021.99,3025.63,3017.31,3025.1,2902,5,0
2025-03-24 09:00:00,3024.87,3028.9,3021.03,3022.37,3549,5,0
2025-03-24 10:00:00,3022.23,3028.94,3021.86,3028.77,3950,11,0
2025-03-24 11:00:00,3029.13,3031.03,3022.71,3023.61,3787,5,0
2025-03-24 12:00:00,3023.72,3033.22,3023.47,3028.15,3953,6,0
2025-03-24 13:00:00,3028.05,3029.22,3024.37,3024.61,3184,5,0
2025-03-24 14:00:00,3024.51,3028.65,3022.47,3024.25,3650,5,0
2025-03-24 15:00:00,3024.2,3028.27,3019.14,3022.79,4565,5,0
2025-03-24 16:00:00,3022.37,3024.04,3007.99,3012.12,4819,5,0
2025-03-24 17:00:00,3012.27,3015.32,3005.79,3014.05,4600,5,0
2025-03-24 18:00:00,3014.04,3015.64,3008.04,3009.76,3898,5,0
2025-03-24 19:00:00,3009.74,3009.85,3005.82,3007.0,3714,7,0
2025-03-24 20:00:00,3006.98,3008.07,3002.46,3006.75,3536,8,0
2025-03-24 21:00:00,3006.8,3008.13,3004.99,3006.05,3141,13,0
2025-03-24 22:00:00,3006.04,3014.57,3005.54,3011.96,1418,12,0
2025-03-25 00:00:00,3011.96,3012.4,3009.03,3011.52,1449,11,0
2025-03-25 01:00:00,3011.53,3012.35,3009.4,3009.9,1041,10,0
2025-03-25 02:00:00,3010.17,3014.85,3008.99,3014.12,1943,15,0
2025-03-25 03:00:00,3014.11,3014.55,3010.52,3011.86,3333,13,0
2025-03-25 04:00:00,3011.87,3012.32,3007.64,3009.15,2962,15,0
2025-03-25 05:00:00,3009.19,3016.26,3008.62,3015.35,3032,14,0
2025-03-25 06:00:00,3015.45,3016.45,3014.78,3015.26,2182,15,0
2025-03-25 07:00:00,3015.23,3020.97,3014.33,3018.29,3090,13,0
2025-03-25 08:00:00,3018.35,3018.65,3014.81,3017.73,2739,12,0
2025-03-25 09:00:00,3017.72,3017.92,3010.54,3011.07,2853,12,0
2025-03-25 10:00:00,3011.09,3021.91,3010.7,3021.38,3823,7,0
2025-03-25 11:00:00,3021.27,3023.51,3019.04,3023.2,3140,11,0
2025-03-25 12:00:00,3023.27,3024.79,3020.68,3023.59,3295,5,0
2025-03-25 13:00:00,3023.61,3026.36,3020.41,3020.72,3267,10,0
2025-03-25 14:00:00,3021.37,3023.12,3014.13,3021.72,4295,5,0
2025-03-25 15:00:00,3021.72,3030.58,3020.9,3028.45,5088,9,0
2025-03-25 16:00:00,3028.4,3035.95,3025.06,3025.06,5297,10,0
2025-03-25 17:00:00,3025.06,3028.05,3018.09,3021.51,4476,11,0
2025-03-25 18:00:00,3021.5,3025.55,3021.39,3023.17,3806,11,0
2025-03-25 19:00:00,3023.28,3023.29,3019.81,3022.69,3621,12,0
2025-03-25 20:00:00,3022.68,3022.77,3017.78,3018.47,3152,15,0
2025-03-25 21:00:00,3018.45,3020.68,3017.78,3019.65,2861,7,0
2025-03-25 22:00:00,3019.56,3020.73,3018.77,3019.81,998,5,0
2025-03-26 00:00:00,3019.69,3022.54,3019.56,3021.29,985,10,0
2025-03-26 01:00:00,3021.28,3021.85,3020.55,3021.01,805,15,0
2025-03-26 02:00:00,3021.01,3022.14,3017.82,3018.11,1842,15,0
2025-03-26 03:00:00,3018.16,3025.45,3016.44,3024.86,4106,13,0
2025-03-26 04:00:00,3024.84,3027.15,3022.87,3024.24,3367,15,0
2025-03-26 05:00:00,3024.12,3024.13,3016.45,3017.6,3554,11,0
2025-03-26 06:00:00,3017.59,3017.63,3014.3,3015.25,2124,15,0
2025-03-26 07:00:00,3015.27,3023.96,3013.26,3022.83,3338,9,0
2025-03-26 08:00:00,3022.74,3026.29,3022.13,3026.14,3683,5,0
2025-03-26 09:00:00,3026.03,3030.75,3024.97,3030.51,3454,11,0
2025-03-26 10:00:00,3030.68,3032.04,3023.61,3023.98,3577,5,0
2025-03-26 11:00:00,3024.13,3024.13,3017.53,3018.69,3870,7,0
2025-03-26 12:00:00,3018.44,3024.96,3016.95,3023.32,3561,5,0
2025-03-26 13:00:00,3023.3,3030.41,3023.3,3027.62,3499,5,0
2025-03-26 14:00:00,3027.61,3029.95,3025.21,3027.11,4140,6,0
2025-03-26 15:00:00,3027.28,3027.28,3016.0,3016.74,4911,5,0
2025-03-26 16:00:00,3016.74,3021.7,3014.97,3017.51,4788,5,0
2025-03-26 17:00:00,3017.6,3018.91,3012.45,3015.85,4286,6,0
2025-03-26 18:00:00,3015.96,3020.0,3015.2,3015.58,3834,7,0
2025-03-26 19:00:00,3015.57,3019.01,3015.21,3018.72,3635,7,0
2025-03-26 20:00:00,3018.84,3020.84,3018.12,3018.3,3269,10,0
2025-03-26 21:00:00,3018.28,3019.03,3015.76,3017.3,3542,15,0
2025-03-26 22:00:00,3017.3,3021.79,3017.18,3018.85,1532,15,0
2025-03-27 00:00:00,3019.04,3021.04,3017.6,3019.44,1850,15,0
2025-03-27 01:00:00,3019.49,3021.72,3017.6,3021.71,1748,15,0
2025-03-27 02:00:00,3021.69,3025.79,3021.64,3025.39,2309,12,0
2025-03-27 03:00:00,3025.41,3028.36,3022.97,3023.55,3860,14,0
2025-03-27 04:00:00,3023.54,3032.84,3023.34,3031.73,3731,13,0
2025-03-27 05:00:00,3031.7,3034.25,3029.75,3033.61,2715,8,0
2025-03-27 06:00:00,3033.55,3038.54,3031.79,3034.19,2913,5,0
2025-03-27 07:00:00,3034.18,3035.82,3029.35,3029.73,3309,5,0
2025-03-27 08:00:00,3029.68,3033.2,3026.81,3029.88,3812,7,0
2025-03-27 09:00:00,3029.65,3036.7,3029.17,3035.97,4089,8,0
2025-03-27 10:00:00,3035.94,3038.0,3033.66,3036.12,4064,8,0
2025-03-27 11:00:00,3036.19,3041.03,3034.66,3039.94,3253,6,0
2025-03-27 12:00:00,3039.98,3055.78,3039.82,3051.43,4599,5,0
2025-03-27 13:00:00,3051.46,3055.65,3048.81,3054.57,3823,5,0
2025-03-27 14:00:00,3054.62,3055.91,3047.1,3050.05,4313,5,0
2025-03-27 15:00:00,3050.48,3052.12,3033.45,3040.55,5722,5,0
2025-03-27 16:00:00,3040.49,3059.56,3040.49,3057.64,5577,5,0
2025-03-27 17:00:00,3058.17,3059.24,3051.5,3052.22,5436,5,0
2025-03-27 18:00:00,3052.02,3054.2,3047.87,3048.27,4826,5,0
2025-03-27 19:00:00,3048.25,3053.23,3047.65,3052.87,4084,14,0
2025-03-27 20:00:00,3052.79,3057.6,3052.74,3055.87,3480,7,0
2025-03-27 21:00:00,3055.92,3057.85,3054.96,3057.52,3555,12,0
2025-03-27 22:00:00,3057.47,3057.53,3055.09,3056.42,1285,19,0
2025-03-28 00:00:00,3056.31,3057.56,3053.75,3055.0,1196,5,0
2025-03-28 01:00:00,3055.11,3056.11,3054.17,3055.65,1116,8,0
2025-03-28 02:00:00,3055.55,3063.49,3055.01,3061.95,2614,12,0
2025-03-28 03:00:00,3062.11,3074.03,3062.08,3073.86,3861,11,0
2025-03-28 04:00:00,3073.87,3077.48,3070.13,3071.87,3468,13,0
2025-03-28 05:00:00,3071.74,3076.71,3069.73,3075.31,3310,15,0
2025-03-28 06:00:00,3075.32,3075.39,3072.6,3073.9,2202,13,0
2025-03-28 07:00:00,3073.89,3081.92,3072.5,3077.82,3130,5,0
2025-03-28 08:00:00,3077.12,3084.88,3076.71,3084.61,3697,5,0
2025-03-28 09:00:00,3084.46,3085.96,3077.86,3079.18,3552,5,0
2025-03-28 10:00:00,3079.06,3081.2,3066.21,3072.99,3536,6,0
2025-03-28 11:00:00,3073.04,3076.08,3069.68,3072.87,3216,9,0
2025-03-28 12:00:00,3072.87,3074.59,3067.01,3074.28,3446,11,0
2025-03-28 13:00:00,3074.24,3079.87,3074.03,3076.39,3190,14,0
2025-03-28 14:00:00,3076.42,3081.86,3072.53,3077.44,3978,10,0
2025-03-28 15:00:00,3077.37,3084.06,3070.8,3083.27,4951,5,0
2025-03-28 16:00:00,3083.08,3086.77,3068.03,3069.82,5212,5,0
2025-03-28 17:00:00,3069.58,3085.68,3067.24,3083.77,4552,7,0
2025-03-28 18:00:00,3083.55,3086.68,3080.46,3083.89,3941,10,0
2025-03-28 19:00:00,3083.88,3085.89,3076.08,3077.39,3686,5,0
2025-03-28 20:00:00,3077.47,3080.4,3073.56,3079.74,3192,8,0
2025-03-28 21:00:00,3079.73,3081.85,3079.44,3080.87,3404,9,0
2025-03-28 22:00:00,3080.9,3085.93,3080.9,3084.2,1540,10,0
